{
  "project_info": {
    "project_number": "792830132696",
    "firebase_url": "https://i-store-ce7a8.firebaseio.com",
    "project_id": "i-store-ce7a8",
    "storage_bucket": "i-store-ce7a8.appspot.com"
  },
  "client": [
    {
      "client_info": {
        "mobilesdk_app_id": "1:792830132696:android:f8f6faa16b63348a64b2ad",
        "android_client_info": {
          "package_name": "com.example.i_store"
        }
      },
      "oauth_client": [
        {
          "client_id": "792830132696-b28mhtms2mhkqft7vdc4jttbsvvqo3v0.apps.googleusercontent.com",
          "client_type": 1,
          "android_info": {
            "package_name": "com.example.i_store",
            "certificate_hash": "caddd728e8ac6646ab8d2584fcb322b3554a5db7"
          }
        },
        {
          "client_id": "792830132696-mv4b83h9475bmkavu3re4no8f7d1a155.apps.googleusercontent.com",
          "client_type": 3
        }
      ],
      "api_key": [
        {
          "current_key": "AIzaSyDM0KTIS7wQH1ICgox9L0EfBBBFtttsLbc"
        }
      ],
      "services": {
        "appinvite_service": {
          "other_platform_oauth_client": [
            {
              "client_id": "792830132696-mv4b83h9475bmkavu3re4no8f7d1a155.apps.googleusercontent.com",
              "client_type": 3
            }
          ]
        }
      }
    }
  ],
  "configuration_version": "1"
}